<?xml version="1.0" encoding="UTF-8"?>
<web-app xmlns="http://xmlns.jcp.org/xml/ns/javaee"
         xmlns:xsi="http://www.w3.org/2001/XMLSchema-instance"
         xsi:schemaLocation="http://xmlns.jcp.org/xml/ns/javaee http://xmlns.jcp.org/xml/ns/javaee/web-app_3_1.xsd"
         version="3.1">
    <filter>
        <filter-name>BackServletFilter</filter-name>
        <filter-class>filter.BackServletFilter</filter-class>
    </filter>
    <filter-mapping>
        <filter-name>BackServletFilter</filter-name>
        <url-pattern>/*</url-pattern>
    </filter-mapping>
    <servlet>
        <servlet-name>CategoryServlet</servlet-name>
        <servlet-class>servlet.CategoryServlet</servlet-class>
    </servlet>
    <servlet-mapping>
        <servlet-name>CategoryServlet</servlet-name>
        <url-pattern>/category.servlet</url-pattern>
    </servlet-mapping>
    <servlet>
        <servlet-name>PropertyServlet</servlet-name>
        <servlet-class>servlet.PropertyServlet</servlet-class>
    </servlet>
    <servlet-mapping>
        <servlet-name>PropertyServlet</servlet-name>
        <url-pattern>/property.servlet</url-pattern>
    </servlet-mapping>
    <servlet>
        <servlet-name>ProductServlet</servlet-name>
        <servlet-class>servlet.ProductServlet</servlet-class>
    </servlet>
    <servlet-mapping>
        <servlet-name>ProductServlet</servlet-name>
        <url-pattern>/product.servlet</url-pattern>
    </servlet-mapping>
    <servlet>
        <servlet-name>ProductImageServlet</servlet-name>
        <servlet-class>servlet.ProductImageServlet</servlet-class>
    </servlet>
    <servlet-mapping>
        <servlet-name>ProductImageServlet</servlet-name>
        <url-pattern>/productImage.servlet</url-pattern>
    </servlet-mapping>
    <servlet>
        <servlet-name>UserServlet</servlet-name>
        <servlet-class>servlet.UserServlet</servlet-class>
    </servlet>
    <servlet-mapping>
        <servlet-name>UserServlet</servlet-name>
        <url-pattern>/user.servlet</url-pattern>
    </servlet-mapping>
    <servlet>
        <servlet-name>OrderServlet</servlet-name>
        <servlet-class>servlet.OrderServlet</servlet-class>
    </servlet>
    <servlet-mapping>
        <servlet-name>OrderServlet</servlet-name>
        <url-pattern>/order.servlet</url-pattern>
    </servlet-mapping>
    <servlet>
        <servlet-name>FrontServlet</servlet-name>
        <servlet-class>servlet.FrontServlet</servlet-class>
    </servlet>
    <servlet>
    	<description>
    	</description>
    	<display-name>ADDTOCONTRALLER</display-name>
    	<servlet-name>ADDTOCONTRALLER</servlet-name>
    	<servlet-class>com.city.mall</servlet-class>
    </servlet>
    <servlet>
    	<description>
    	</description>
    	<display-name>OrderItemToAddController</display-name>
    	<servlet-name>OrderItemToAddController</servlet-name>
    	<servlet-class>com.city.mall.OrderItemToAddController</servlet-class>
    </servlet>
    <servlet>
    	<description>
    	</description>
    	<display-name>BaseToAddController</display-name>
    	<servlet-name>BaseToAddController</servlet-name>
    	<servlet-class>servlet.BaseToAddController</servlet-class>
    </servlet>
    <servlet>
    	<description>
    	</description>
    	<display-name>CategoryToAddController</display-name>
    	<servlet-name>CategoryToAddController</servlet-name>
    	<servlet-class>servlet.CategoryToAddController</servlet-class>
    </servlet>
    <servlet-mapping>
        <servlet-name>FrontServlet</servlet-name>
        <url-pattern>/front.servlet</url-pattern>
    </servlet-mapping>
    <servlet-mapping>
    	<servlet-name>ADDTOCONTRALLER</servlet-name>
    	<url-pattern>/TOODAA.DO</url-pattern>
    </servlet-mapping>
    <servlet-mapping>
    	<servlet-name>OrderItemToAddController</servlet-name>
    	<url-pattern>/toAdd.do</url-pattern>
    </servlet-mapping>
    <servlet-mapping>
    	<servlet-name>BaseToAddController</servlet-name>
    	<url-pattern>/BaseToAdd.do</url-pattern>
    </servlet-mapping>
    <servlet-mapping>
    	<servlet-name>CategoryToAddController</servlet-name>
    	<url-pattern>/CategoryToAdd.do</url-pattern>
    </servlet-mapping>
    <error-page>
        <exception-type>java.lang.Exception</exception-type>
        <location>/jsp/500.jsp</location>
    </error-page>
    <error-page>
        <exception-type>javax.servlet.ServletException</exception-type>
        <location>/jsp/500.jsp</location>
    </error-page>
    <session-config>
        <session-timeout>1800</session-timeout>
    </session-config>
</web-app>